customer_id,age,gender,region
1,58,Female,North
2,65,Male,South
3,32,Female,North
4,61,Nonbinary,North
5,55,Male,North
6,19,Female,South
7,32,Nonbinary,North
8,53,Female,West
9,32,Male,East
10,69,Female,South
11,62,Male,East
12,35,Female,South
13,66,Male,North
14,23,Male,North
15,40,Male,East
16,69,Female,West
17,52,Female,West
18,23,Nonbinary,East
19,71,Nonbinary,East
20,54,Female,North
21,20,Nonbinary,South
22,67,Male,North
23,72,Female,North
24,42,Male,West
25,58,Male,South
26,41,Male,South
27,60,Male,North
28,56,Nonbinary,South
29,52,Nonbinary,South
30,28,Male,West
31,35,Nonbinary,South
32,61,Male,North
33,32,Female,East
34,43,Male,North
35,31,Nonbinary,East
36,31,Nonbinary,West
37,43,Nonbinary,West
38,27,Male,South
39,33,Nonbinary,East
40,65,Nonbinary,West
41,75,Nonbinary,West
42,41,Female,South
43,50,Male,North
44,66,Female,North
45,27,Nonbinary,South
46,68,Nonbinary,West
47,56,Female,West
48,42,Nonbinary,West
49,51,Male,North
50,61,Nonbinary,North
51,61,Nonbinary,East
52,67,Nonbinary,East
53,25,Male,West
54,28,Male,North
55,64,Nonbinary,East
56,50,Female,North
57,73,Nonbinary,East
58,71,Nonbinary,South
59,27,Male,South
60,52,Nonbinary,North
61,56,Male,West
62,19,Female,East
63,74,Male,South
64,21,Female,North
65,23,Nonbinary,West
66,70,Female,South
67,26,Nonbinary,West
68,53,Female,East
69,51,Nonbinary,West
70,31,Nonbinary,South
71,63,Male,West
72,60,Nonbinary,East
73,46,Nonbinary,West
74,25,Female,South
75,22,Male,North
76,55,Nonbinary,South
77,55,Female,North
78,22,Nonbinary,North
79,32,Female,North
80,73,Male,North
81,50,Female,East
82,60,Male,South
83,52,Female,West
84,33,Male,West
85,30,Female,North
86,60,Male,East
87,45,Male,West
88,73,Nonbinary,North
89,61,Nonbinary,North
90,21,Male,East
91,69,Female,South
92,30,Female,West
93,26,Male,South
94,35,Male,South
95,73,Female,West
96,69,Nonbinary,North
97,21,Nonbinary,North
98,23,Female,South
99,44,Male,West
100,31,Male,North
101,28,Male,North
102,42,Male,West
103,36,Male,West
104,27,Female,East
105,31,Female,North
106,65,Male,North
107,21,Nonbinary,West
108,50,Nonbinary,South
109,21,Nonbinary,North
110,72,Female,North
111,56,Female,South
112,43,Female,South
113,55,Nonbinary,North
114,57,Female,West
115,60,Nonbinary,East
116,34,Female,East
117,33,Male,West
118,26,Nonbinary,East
119,47,Male,North
120,18,Male,North
121,22,Nonbinary,South
122,50,Male,South
123,40,Female,South
124,41,Male,South
125,46,Nonbinary,East
126,57,Nonbinary,North
127,60,Nonbinary,East
128,60,Female,South
129,34,Female,North
130,65,Nonbinary,South
131,35,Male,South
132,63,Male,South
133,61,Nonbinary,East
134,50,Male,East
135,75,Female,North
136,58,Male,East
137,20,Female,East
138,67,Female,East
139,28,Nonbinary,West
140,53,Nonbinary,West
141,53,Female,North
142,22,Nonbinary,South
143,52,Female,East
144,55,Nonbinary,South
145,45,Female,North
146,37,Male,North
147,75,Male,South
148,61,Female,North
149,40,Nonbinary,West
150,57,Nonbinary,South
151,33,Female,South
152,74,Male,North
153,29,Nonbinary,East
154,68,Male,South
155,35,Female,North
156,42,Female,West
157,32,Female,West
158,40,Male,South
159,32,Female,South
160,43,Male,East
161,73,Female,East
162,40,Nonbinary,West
163,61,Nonbinary,East
164,19,Female,East
165,29,Nonbinary,East
166,20,Female,West
167,40,Nonbinary,East
168,45,Nonbinary,North
169,42,Nonbinary,South
170,34,Female,West
171,18,Nonbinary,South
172,41,Male,North
173,60,Male,East
174,60,Female,East
175,50,Male,West
176,38,Male,East
177,53,Female,South
178,44,Nonbinary,West
179,61,Nonbinary,South
180,57,Nonbinary,East
181,43,Nonbinary,North
182,37,Male,South
183,45,Nonbinary,East
184,47,Male,West
185,61,Female,West
186,68,Nonbinary,South
187,60,Female,East
188,50,Nonbinary,East
189,23,Female,East
190,32,Female,South
191,19,Female,South
192,48,Nonbinary,North
193,47,Male,South
194,63,Nonbinary,West
195,49,Male,South
196,27,Nonbinary,North
197,75,Female,West
198,32,Female,West
199,21,Nonbinary,South
200,72,Female,West
201,26,Male,East
202,66,Male,West
203,71,Nonbinary,West
204,75,Female,West
205,46,Male,South
206,71,Nonbinary,East
207,67,Nonbinary,West
208,58,Female,East
209,46,Female,East
210,33,Male,East
211,38,Nonbinary,North
212,26,Female,South
213,42,Nonbinary,South
214,63,Female,North
215,44,Male,East
216,52,Male,West
217,21,Female,West
218,42,Nonbinary,North
219,72,Nonbinary,West
220,48,Female,East
221,37,Male,West
222,52,Nonbinary,South
223,49,Female,East
224,45,Male,North
225,42,Male,West
226,64,Female,West
227,26,Nonbinary,North
228,43,Nonbinary,North
229,23,Nonbinary,West
230,26,Male,South
231,21,Male,West
232,38,Female,West
233,38,Male,West
234,35,Male,East
235,71,Female,West
236,19,Nonbinary,North
237,40,Female,North
238,67,Nonbinary,North
239,66,Female,South
240,30,Female,South
241,33,Female,West
242,60,Female,South
243,47,Nonbinary,East
244,67,Male,South
245,56,Nonbinary,North
246,67,Female,East
247,24,Nonbinary,North
248,37,Nonbinary,West
249,43,Nonbinary,South
250,22,Nonbinary,South
251,24,Nonbinary,East
252,72,Nonbinary,North
253,68,Nonbinary,North
254,40,Nonbinary,West
255,60,Male,North
256,50,Nonbinary,East
257,18,Male,West
258,24,Male,East
259,58,Male,South
260,45,Female,East
261,57,Nonbinary,West
262,47,Male,East
263,38,Female,North
264,35,Male,South
265,66,Male,West
266,39,Female,West
267,72,Male,South
268,49,Female,East
269,69,Male,East
270,35,Nonbinary,East
271,53,Female,South
272,23,Female,West
273,49,Nonbinary,South
274,62,Male,West
275,46,Female,North
276,36,Female,West
277,62,Female,East
278,60,Nonbinary,East
279,48,Nonbinary,East
280,45,Nonbinary,East
281,40,Nonbinary,West
282,35,Male,East
283,32,Female,South
284,38,Female,South
285,30,Female,West
286,35,Nonbinary,East
287,24,Female,East
288,32,Male,South
289,37,Female,South
290,35,Female,North
291,53,Male,South
292,58,Male,North
293,73,Female,East
294,48,Male,West
295,39,Female,North
296,34,Male,North
297,70,Female,West
298,49,Female,North
299,27,Female,East
300,23,Female,North
301,53,Male,South
302,67,Nonbinary,West
303,46,Male,East
304,73,Nonbinary,West
305,37,Nonbinary,North
306,57,Nonbinary,North
307,66,Female,South
308,34,Nonbinary,North
309,28,Female,South
310,53,Female,South
311,18,Male,West
312,62,Nonbinary,West
313,36,Female,South
314,36,Nonbinary,East
315,62,Male,North
316,61,Female,East
317,68,Nonbinary,South
318,45,Female,South
319,59,Female,East
320,70,Female,North
321,21,Female,East
322,56,Nonbinary,East
323,46,Female,West
324,62,Male,West
325,35,Nonbinary,West
326,46,Female,North
327,74,Male,East
328,56,Male,North
329,23,Female,North
330,66,Nonbinary,East
331,54,Female,South
332,48,Nonbinary,West
333,35,Female,West
334,58,Male,North
335,48,Male,West
336,39,Male,North
337,72,Female,East
338,44,Nonbinary,West
339,36,Nonbinary,West
340,70,Nonbinary,North
341,47,Female,East
342,34,Male,North
343,67,Male,North
344,60,Nonbinary,West
345,44,Female,South
346,51,Male,West
347,58,Male,North
348,31,Male,South
349,36,Male,West
350,25,Female,South
351,63,Female,East
352,53,Female,West
353,23,Female,North
354,47,Female,South
355,49,Nonbinary,East
356,50,Nonbinary,East
357,44,Male,West
358,33,Male,South
359,42,Female,South
360,73,Female,East
361,67,Male,East
362,68,Nonbinary,East
363,70,Female,East
364,64,Male,West
365,73,Female,West
366,52,Male,East
367,39,Nonbinary,West
368,47,Male,South
369,62,Female,West
370,32,Male,North
371,38,Nonbinary,West
372,63,Male,West
373,60,Nonbinary,South
374,49,Female,South
375,50,Nonbinary,East
376,73,Female,West
377,24,Nonbinary,West
378,18,Nonbinary,South
379,44,Nonbinary,South
380,22,Male,East
381,39,Nonbinary,West
382,59,Female,East
383,72,Nonbinary,West
384,38,Nonbinary,West
385,73,Nonbinary,North
386,57,Female,South
387,58,Nonbinary,East
388,32,Nonbinary,North
389,45,Female,North
390,46,Female,East
391,75,Female,North
392,38,Female,East
393,40,Male,West
394,27,Female,West
395,54,Nonbinary,South
396,28,Female,North
397,57,Male,South
398,49,Nonbinary,South
399,32,Male,East
400,47,Male,North
401,75,Male,East
402,61,Nonbinary,South
403,22,Male,East
404,55,Male,West
405,62,Male,West
406,72,Male,South
407,42,Male,North
408,33,Male,East
409,54,Male,East
410,19,Nonbinary,West
411,35,Female,North
412,56,Nonbinary,West
413,71,Male,South
414,56,Male,South
415,58,Female,East
416,61,Nonbinary,South
417,58,Female,North
418,37,Male,North
419,55,Male,South
420,23,Male,East
421,65,Male,South
422,30,Female,East
423,51,Nonbinary,East
424,71,Female,East
425,70,Male,East
426,65,Male,North
427,47,Female,South
428,66,Female,West
429,72,Nonbinary,East
430,23,Male,North
431,34,Nonbinary,North
432,47,Male,East
433,55,Male,East
434,24,Nonbinary,South
435,48,Female,East
436,57,Female,North
437,58,Male,East
438,59,Male,North
439,26,Female,North
440,37,Male,North
441,24,Female,South
442,42,Male,East
443,60,Nonbinary,West
444,55,Nonbinary,South
445,74,Male,North
446,71,Male,West
447,35,Female,East
448,31,Male,West
449,33,Male,North
450,61,Male,East
451,21,Male,East
452,30,Female,West
453,23,Nonbinary,South
454,59,Nonbinary,North
455,21,Male,South
456,26,Nonbinary,South
457,22,Nonbinary,South
458,55,Female,South
459,39,Female,North
460,35,Female,South
461,52,Male,South
462,25,Nonbinary,North
463,26,Female,East
464,68,Female,East
465,19,Female,East
466,21,Female,West
467,51,Female,North
468,48,Male,East
469,50,Nonbinary,North
470,46,Nonbinary,South
471,57,Female,East
472,47,Nonbinary,North
473,21,Male,West
474,45,Nonbinary,North
475,49,Nonbinary,West
476,22,Female,East
477,56,Female,North
478,26,Male,East
479,42,Nonbinary,East
480,47,Nonbinary,West
481,24,Nonbinary,North
482,72,Nonbinary,South
483,45,Male,South
484,44,Male,West
485,43,Male,North
486,38,Male,East
487,60,Male,East
488,27,Nonbinary,West
489,22,Female,North
490,23,Male,North
491,65,Nonbinary,East
492,69,Female,North
493,55,Nonbinary,East
494,60,Female,West
495,40,Nonbinary,West
496,73,Nonbinary,North
497,36,Nonbinary,East
498,40,Female,South
499,27,Nonbinary,West
500,32,Female,East
501,72,Nonbinary,East
502,25,Male,South
503,69,Male,North
504,56,Nonbinary,East
505,19,Female,East
506,62,Male,East
507,40,Female,South
508,73,Female,West
509,22,Female,North
510,23,Nonbinary,South
511,42,Male,West
512,39,Female,East
513,37,Nonbinary,East
514,67,Nonbinary,North
515,74,Female,South
516,28,Nonbinary,North
517,61,Female,East
518,46,Nonbinary,West
519,49,Nonbinary,West
520,44,Male,South
521,66,Nonbinary,North
522,40,Male,North
523,36,Nonbinary,West
524,51,Nonbinary,East
525,20,Female,West
526,56,Female,North
527,31,Male,South
528,67,Female,East
529,36,Male,North
530,18,Male,West
531,29,Female,West
532,52,Nonbinary,South
533,50,Nonbinary,East
534,22,Male,North
535,45,Female,West
536,22,Male,West
537,54,Male,West
538,36,Female,West
539,19,Male,South
540,69,Nonbinary,West
541,71,Nonbinary,East
542,23,Male,North
543,33,Male,West
544,51,Female,West
545,73,Male,East
546,32,Male,South
547,22,Nonbinary,North
548,51,Nonbinary,South
549,75,Male,East
550,64,Nonbinary,South
551,33,Female,South
552,34,Female,South
553,56,Female,North
554,29,Nonbinary,West
555,47,Nonbinary,West
556,61,Nonbinary,East
557,73,Nonbinary,East
558,27,Male,North
559,48,Male,East
560,68,Male,North
561,40,Nonbinary,North
562,37,Male,West
563,20,Female,East
564,71,Male,North
565,59,Female,West
566,47,Nonbinary,North
567,46,Nonbinary,South
568,38,Nonbinary,West
569,50,Female,North
570,46,Female,East
571,63,Female,South
572,20,Female,West
573,46,Nonbinary,South
574,41,Male,East
575,42,Male,East
576,61,Nonbinary,North
577,68,Nonbinary,East
578,22,Male,North
579,53,Nonbinary,West
580,36,Male,South
581,39,Female,South
582,40,Male,West
583,26,Nonbinary,North
584,37,Nonbinary,West
585,59,Male,South
586,60,Nonbinary,North
587,59,Nonbinary,West
588,50,Male,North
589,41,Male,South
590,31,Male,West
591,30,Female,South
592,27,Female,East
593,72,Female,North
594,60,Male,South
595,56,Male,South
596,28,Female,South
597,64,Male,North
598,44,Male,South
599,46,Nonbinary,East
600,66,Nonbinary,West
